{"city":[[
    {
        "id": "1",
        "name": "Adhaun"
    },
    {
        "id": "2",
        "name": "alipura"
    },
    {
        "id": "3",
        "name": "barshami"
    },
    {
        "id": "4",
        "name": "ban"
    },
    {
        "id": "5",
        "name": "bapda"
    },
    {
        "id": "6",
        "name": "bapdi"
    },
    {
        "id": "7",
        "name": "buda"
    },
    {
        "id": "8",
        "name": "Dhanora Jattan"
    }],
    [{
        "id": "9",
        "name": "Dhola Majra"
    },
    {
        "id": "10",
        "name": "Ghisarpari"
    },
    {
        "id": "11",
        "name": "Halalpur Kurukshetra"
    },
    {
        "id": "12",
        "name": "Jakhwala"
    },
    {
        "id": "13",
        "name": "Jatpura"
    },
    {
        "id": "14",
        "name": "KHERI DABDLAN"
    },
    {
        "id": "15",
        "name": "malikpur"
    },
    {
        "id": "16",
        "name": "Mangoli Jattan"
    }],
    [{
        "id": "17",
        "name": "Mehra"
    },
    {
        "id": "18",
        "name": "nandi"
    },
    {
        "id": "19",
        "name": "nathodi"
    },
    {
        "id": "20",
        "name": "Nandukhera"
    },
    {
        "id": "21",
        "name": "Pehowa"
    },
    {
        "id": "22",
        "name": "Rajepur"
    },
    {
        "id": "23",
        "name": "Rattan Dera"
    },
    {
        "id": "24",
        "name": "Rattangarh"
    }],
    [{
        "id": "25",
        "name": "Sanghor"
    },
    {
        "id": "26",
        "name": "sonti"
    },
    {
        "id": "27",
        "name": "sura"
    },
    {
        "id": "28",
        "name": "Teora"
    },
    {
        "id": "29",
        "name": "thol"
    },
    {
        "id": "30",
        "name": "Tyodi"
    },
    {
        "id": "31",
        "name": "Udarsi"
    },
    {
        "id": "32",
        "name": "Umri"
    }
]]}
